use restaurante;
Drop table if Exists cliente;
Drop table if exists empleado;
Drop table if exists cliente_empleado;
	
    CREATE TABLE cliente (
    id INT auto_increment not NULL,
    nombre VARCHAR(45) NOT NULL,
    apellido VARCHAR(45) NOT NULL,
    direccion VARCHAR(45) NOT NULL,
    telefono VARCHAR(45) NOT NULL,
    Primary Key (ID)
						);
                        
                        create table cliente_empleado(
                        codigo int auto_increment not null,
                        id_empleado int not null,
                        id_cliente int not null,
                        Primary Key (codigo)
                        );
                        
CREATE TABLE empleado (
    id INT auto_increment NOT NULL,
    nombre VARCHAR(45) NOT NULL,
    apellido VARCHAR(45) NOT NULL,
    direccion VARCHAR(45) NOT NULL,
    telefono VARCHAR(45) NOT NULL,
    Primary Key (ID)
						);
                        
Insert into empleado values (1,"Bob","Esponja","Calle Fondo de Bikini","666908676");
Insert into empleado values (2,"Carlos","Tovar","Calle Fermin Caballero","675320511");
Insert into empleado values (3,"Raniero","Riciardi","Olivos","485244466");
Insert into empleado values (4,"David","Casas","Gran via 4","789456123");
Insert into empleado values (5,"Calamardo","Tentaculos","Calle Fondo de Bikini","123456789");


		
Insert into cliente values (1,"Arenita","Ardilla","Calle Fondo de Bikini","123456785");
Insert into cliente values (2,"Señora","Puff","Calle Licencia","123098456");
Insert into cliente values (3,"Larry","Langosta","Calle Licencia","098123456");
Insert into cliente values (4,"Patricio","Estrella","Calle Fondo de Bikini","456712390");
Insert into cliente values (5,"Plankton","UnOjo","Calle Malvado","102938475");

Insert into cliente_empleado (id_empleado,id_cliente) values (1,5);
Insert into cliente_empleado (id_empleado,id_cliente) values (2,4);
Insert into cliente_empleado (id_empleado,id_cliente) values (3,3);
Insert into cliente_empleado (id_empleado,id_cliente) values (4,2);
Insert into cliente_empleado (id_empleado,id_cliente) values (5,1);




SET GLOBAL time_zone = '+3:00';







                        
                        
                        
                        
                        